pic,namevalence,std-varousal,std-adominance,std-d
1,polarbear,1.bmp,6.74,1.795.22,2.255.20,2.63
2,aviation,2.bmp,6.59,1.776.41,1.665.11,2.30
3,skate,3.bmp,6.96,1.555.43,2.056.00,1.98
4,panda1,4.bmp,7.39,1.535.28,2.226.17,2.28
5,reversal,5.bmp,6.11,1.956.43,1.925.39,2.38
6,kiss1,6.bmp,6.93,1.886.96,1.636.30,2.24
7,cat1,7.bmp,7.78,1.415.35,2.547.85,1.47
8,cheer,8.bmp,6.70,1.555.46,2.125.91,2.25
9,gift,9.bmp,6.67,1.964.78,2.246.54,1.95
10,cat2,10.bmp,7.57,1.505.96,2.017.83,1.05
11,cat3,11.bmp,7.74,1.415.52,2.227.63,1.49
12,cat4,12.bmp,7.78,1.635.37,2.337.78,1.52
13,catandrabbit,13.bmp,7.76,1.625.33,2.307.85,1.41
14,chicken,14.bmp,7.61,1.395.80,2.457.65,1.51
15,star,15.bmp,7.57,1.396.72,2.116.70,2.08
16,dog1,16.bmp,7.33,1.625.93,2.047.67,1.69
17,nocturne1,17.bmp,6.74,1.714.20,2.136.13,2.01
18,dog2,18.bmp,7.63,2.055.61,2.557.96,1.08
19,theaged,19.bmp,5.61,1.874.61,1.935.67,2.19
20,cheers1,20.bmp,7.48,1.476.07,1.866.65,1.91
21,endpoint,21.bmp,6.33,1.845.96,2.145.89,2.29
22,flower1,22.bmp,7.41,1.314.78,2.487.52,1.81
23,field,23.bmp,6.61,1.884.80,2.396.22,1.84
24,bugle,24.bmp,6.59,1.675.61,1.845.35,1.88
25,cheers2,25.bmp,6.85,1.615.52,1.926.59,1.89
26,smile,26.bmp,5.61,1.954.61,2.055.87,1.68
27,newly-married,27.bmp,7.00,1.515.20,2.126.35,1.84
28,kiss2,28.bmp,7.43,1.616.37,2.066.70,2.05
29,island1,29.bmp,7.63,1.535.26,2.966.83,2.18
30,island2,30.bmp,6.98,1.714.43,2.635.72,2.32
31,girl23,31.bmp,4.50,2.134.50,1.805.65,2.16
32,flower2,32.bmp,7.11,1.575.24,2.667.43,1.44
33,flower3,33.bmp,5.80,2.305.65,1.875.98,2.22
34,bird,34.bmp,6.63,1.515.28,2.146.52,1.96
35,flower4,35.bmp,6.87,1.614.22,2.146.80,1.97
36,farmer,36.bmp,6.17,1.874.78,2.065.89,2.01
37,ha,37.bmp,7.11,1.426.67,1.685.48,2.58
38,riancy,38.bmp,6.57,1.934.80,1.945.85,1.96
39,mountain1,39.bmp,7.30,1.725.67,2.675.87,2.52
40,snow1,40.bmp,7.22,1.746.24,1.826.07,2.24
41,twogirls1,41.bmp,6.59,1.895.09,2.156.61,1.75
42,coachfellow,42.bmp,6.91,1.524.87,2.416.43,1.96
43,fere,43.bmp,7.13,1.686.72,1.865.78,2.06
44,golf,44.bmp,6.70,1.876.52,2.266.54,1.99
45,race1,45.bmp,7.67,1.566.39,2.176.37,2.07
46,bubble,46.bmp,6.72,2.025.74,1.896.54,1.91
47,greedy,47.bmp,5.41,2.535.65,2.305.93,2.05
48,plage1,48.bmp,6.33,1.664.52,2.395.24,2.25
49,mountain2,49.bmp,6.70,1.934.91,2.705.46,2.62
50,cate,50.bmp,6.76,1.845.63,2.597.76,1.49
51,laughing,51.bmp,5.37,1.824.48,1.965.43,2.19
52,threegirls,52.bmp,7.26,1.765.17,2.286.39,1.96
53,program,53.bmp,6.87,1.685.72,2.116.48,1.96
54,mybear,54.bmp,6.50,1.744.33,2.006.89,1.51
55,birthday,55.bmp,6.93,1.645.20,2.185.96,2.26
56,marriedphoto,56.bmp,6.78,1.875.13,2.295.96,1.84
57,panda2,57.bmp,7.15,1.805.87,2.227.07,1.57
58,plage2,58.bmp,7.11,1.344.80,2.136.87,1.78
59,childishness,59.bmp,6.20,2.194.91,2.056.15,1.93
60,chineseriband,60.bmp,6.52,1.554.72,2.156.72,1.84
61,chineseriband1,61.bmp,6.65,1.774.30,2.287.17,1.58
62,chineseriband2,62.bmp,6.52,1.594.04,2.036.67,1.97
63,chopsticks1,63.bmp,5.83,1.924.13,1.926.61,1.85
64,craftwork1,64.bmp,5.76,1.663.80,2.116.54,1.97
65,cate1,65.bmp,7.17,1.775.39,2.757.74,1.52
66,cate2,66.bmp,6.96,1.715.26,2.417.00,2.02
67,cate3,67.bmp,6.48,2.155.17,2.237.61,1.51
68,cate4,68.bmp,5.63,2.065.22,2.167.30,1.46
69,waterlily1,69.bmp,7.35,1.554.17,2.477.35,1.58
70,flower5,70.bmp,5.52,1.764.50,2.296.61,1.76
71,nocturne2,71.bmp,6.37,1.534.98,2.085.89,2.28
72,cake,72.bmp,7.26,1.845.41,2.507.57,1.85
73,vegetable,73.bmp,7.33,1.695.43,2.587.59,1.68
74,waterlily2,74.bmp,7.35,1.644.72,2.377.41,1.78
75,read,75.bmp,6.00,2.053.83,2.197.28,1.64
76,coffee,76.bmp,6.65,2.104.20,2.647.93,1.51
77,apple,77.bmp,7.78,1.365.93,2.628.30,1.43
78,orange,78.bmp,7.67,1.515.87,2.718.26,1.07
79,Hongkong1,79.bmp,6.61,1.695.37,2.195.80,2.27
80,Hongkong2,80.bmp,5.87,1.754.80,2.205.39,1.94
81,HongKong3,81.bmp,6.33,1.484.02,2.095.50,1.70
82,mycat,82.bmp,6.39,1.814.93,1.906.91,1.72
83,littlegirl1,83.bmp,6.78,1.724.33,1.766.76,1.99
84,littlegirl2,84.bmp,7.20,1.545.26,2.147.02,1.80
85,agirlholdingfeeder,85.bmp,6.74,1.954.89,2.077.20,1.41
86,eagle1,86.bmp,7.04,1.674.63,1.967.07,1.75
87,littlegirl3,87.bmp,6.57,1.885.63,2.325.09,2.47
88,handclasp,88.bmp,7.39,1.445.52,2.337.43,1.48
89,flower6,89.bmp,5.15,2.215.70,1.995.41,2.24
90,butterfly,90.bmp,6.20,1.763.96,2.437.11,1.52
91,girl1,91.bmp,5.76,1.964.46,2.026.78,1.98
92,girl2,92.bmp,6.76,1.544.50,2.326.98,1.71
93,girl3,93.bmp,6.98,1.884.54,2.037.07,1.67
94,girl4,94.bmp,7.24,1.585.48,2.026.96,1.77
95,girl5,95.bmp,6.74,1.684.50,1.897.17,1.52
96,girl6,96.bmp,7.28,1.664.93,2.237.28,1.58
97,girl7,97.bmp,7.17,1.455.07,2.307.22,1.65
98,girl8,98.bmp,7.13,1.535.15,2.127.11,1.84
99,girl9,99.bmp,6.96,1.985.59,2.097.63,1.54
100,girl10,100.bmp,7.04,1.744.87,1.876.87,1.68
101,girl11,101.bmp,7.24,1.775.72,1.997.30,1.53
102,girlandhermother,102.bmp,7.61,1.445.46,2.287.37,1.62
103,boy1,103.bmp,6.22,1.904.24,1.736.48,1.77
104,boy2,104.bmp,6.41,1.874.02,1.746.65,1.80
105,flower7,105.bmp,6.00,1.864.00,1.926.91,1.91
106,boy3,106.bmp,6.61,1.774.17,1.916.48,1.69
107,girl12,107.bmp,5.78,1.884.46,1.856.48,1.73
108,girl13,108.bmp,6.78,1.754.74,1.987.02,1.57
109,girl14,109.bmp,7.07,1.405.96,1.916.89,1.87
110,girl15,110.bmp,6.78,1.754.67,2.106.70,1.60
111,boy4,111.bmp,6.24,1.644.41,1.816.98,1.52
112,boy5,112.bmp,6.87,1.694.78,1.766.85,1.76
113,twogirls2,113.bmp,6.93,1.605.37,1.956.54,1.87
114,twogirls3,114.bmp,7.11,1.574.85,2.056.89,1.71
115,congratulation,115.bmp,6.93,1.685.50,1.966.15,2.05
116,ahappywoman,116.bmp,6.41,1.605.20,2.385.67,1.87
117,autumn,117.bmp,7.57,1.345.33,2.556.57,1.80
118,intimacy,118.bmp,7.26,1.507.15,1.556.48,2.11
119,whitecrane,119.bmp,6.83,1.845.13,2.486.28,2.24
120,flower8,120.bmp,7.00,1.834.91,2.607.83,1.32
121,brandishflag,121.bmp,7.72,1.246.74,1.956.91,1.86
122,nocturne3,122.bmp,5.96,2.053.98,2.035.96,1.78
123,GreatWall,123.bmp,6.61,1.745.24,2.185.59,2.36
124,ShangHai,124.bmp,5.72,1.684.35,2.314.85,1.93
125,cate5,125.bmp,7.52,1.775.09,2.537.93,1.34
126,Guilin1,126.bmp,7.48,1.775.24,2.536.63,2.16
127,Guilin2,127.bmp,6.87,2.234.59,2.566.20,2.29
128,ShangHai1,128.bmp,6.20,1.833.80,2.095.57,2.06
129,cat5,129.bmp,7.52,1.435.39,2.317.43,1.80
130,park,130.bmp,6.15,1.933.98,1.985.96,1.91
131,lawn/lea,131.bmp,6.13,1.853.63,2.236.48,1.87
132,beauty,132.bmp,6.78,2.027.41,1.786.48,2.16
133,bird1,133.bmp,6.28,1.944.48,2.336.61,2.04
134,nightpiece1,134.bmp,6.52,1.834.54,2.006.02,1.99
135,cate6,135.bmp,7.11,1.785.00,2.167.59,1.55
136,cate7,136.bmp,6.72,1.684.78,2.396.96,1.77
137,building1,137.bmp,6.74,2.055.22,2.485.09,2.37
138,building2,138.bmp,7.20,2.005.09,2.625.61,2.35
139,coney,139.bmp,7.26,1.904.74,2.497.93,1.09
140,nightpiece2,140.bmp,6.13,1.904.15,2.085.93,2.13
141,scene,141.bmp,5.65,1.734.07,1.945.59,1.79
142,snake1,142.bmp,2.87,1.825.35,2.312.80,1.80
143,brokenwall,143.bmp,4.52,2.014.22,2.134.83,2.07
144,spider1,144.bmp,2.74,1.895.46,2.663.57,2.46
145,spider2,145.bmp,2.52,1.765.65,2.423.41,2.27
146,snake2,146.bmp,2.28,1.525.61,2.583.22,2.28
147,snake3,147.bmp,2.63,1.745.02,2.603.17,2.14
148,snake4,148.bmp,2.61,1.535.09,2.333.28,1.91
149,snake5,149.bmp,2.67,1.985.85,2.603.04,2.04
150,snake6,150.bmp,3.00,2.025.61,2.202.89,2.03
151,snake7,151.bmp,2.63,1.485.37,2.303.02,1.73
152,snake8,152.bmp,2.41,1.475.50,2.383.00,2.11
153,bug1,153.bmp,3.09,1.684.96,2.404.91,2.44
154,hands,154.bmp,3.43,2.065.83,2.343.83,2.19
155,jump,155.bmp,3.65,1.625.28,2.254.46,2.18
156,flee,156.bmp,2.50,1.685.78,2.382.83,2.01
157,refugee1,157.bmp,3.04,1.784.67,2.204.09,2.23
158,refugee2,158.bmp,2.52,1.386.02,2.163.02,1.93
159,1salvage,159.bmp,2.24,1.424.80,2.553.04,1.86
160,churchyard,160.bmp,2.43,1.535.41,2.533.35,2.11
161,tank,161.bmp,3.50,1.795.41,2.393.37,2.14
162,sturt,162.bmp,2.54,1.595.76,2.212.74,1.63
163,roup1,163.bmp,2.39,1.315.11,2.453.85,2.42
164,lament,164.bmp,3.70,1.524.26,2.174.30,1.90
165,aabandonedbuilding,165.bmp,2.54,1.464.48,2.153.28,2.04
166,adeadleopard,166.bmp,2.59,1.565.30,2.413.30,2.13
167,protest1,167.bmp,2.63,1.986.04,2.182.80,1.74
168,roup2,168.bmp,2.85,1.785.54,2.313.39,2.05
169,demurral,169.bmp,3.30,1.755.28,1.694.46,2.25
170,wasteland1,170.bmp,2.46,1.675.13,2.242.91,2.00
171,weep,171.bmp,3.00,1.355.09,2.013.46,1.75
172,gain,172.bmp,2.83,1.544.70,2.053.22,1.77
173,fire1,173.bmp,2.15,1.496.09,2.422.72,1.80
174,shadow,174.bmp,3.89,1.624.43,2.375.15,2.11
175,1wasteland2,175.bmp,2.70,1.755.20,2.172.93,1.93
176,seizing,176.bmp,2.41,1.535.85,2.602.89,2.23
177,plantoneself,177.bmp,2.46,1.535.48,2.473.15,1.84
178,abrokencar,178.bmp,2.20,1.245.35,2.233.11,2.01
179,asinkingship1,179.bmp,2.52,1.826.17,2.622.72,2.06
180,fire2,180.bmp,1.98,1.205.50,2.523.37,2.10
181,sinkingship2,181.bmp,2.48,1.645.87,2.792.41,1.91
182,transfusion1,182.bmp,2.39,1.264.96,2.143.74,2.32
183,protest2,183.bmp,2.52,1.495.96,2.312.78,1.72
184,jail1,184.bmp,2.65,1.435.33,2.063.20,2.07
185,jail2,185.bmp,2.17,1.296.11,2.062.74,1.83
186,mourn,186.bmp,2.67,1.235.09,2.123.20,2.07
187,settingonfire,187.bmp,2.35,1.805.74,2.363.15,1.94
188,salvage,188.bmp,2.24,1.305.59,2.342.76,1.64
189,transfusion2,189.bmp,2.46,1.354.91,2.383.80,2.54
190,brokencar,190.bmp,2.52,1.384.76,2.093.26,1.99
191,grief,191.bmp,2.07,1.375.39,2.513.46,2.02
192,leopard,192.bmp,5.15,1.955.63,2.053.76,2.50
193,bloodsucker1,193.bmp,1.96,1.746.87,2.582.70,2.10
194,brokenhouse1,194.bmp,2.17,1.324.80,2.403.15,2.04
195,cadge,195.bmp,2.63,1.584.83,2.504.83,2.33
196,mendicantboy,196.bmp,1.85,1.626.33,2.584.02,2.67
197,mendicant,197.bmp,2.80,1.804.98,2.353.80,2.49
198,bug2,198.bmp,2.98,1.945.41,2.494.24,2.42
199,garbage4,199.bmp,2.26,1.224.37,2.383.13,1.81
200,cranny,200.bmp,2.98,1.654.91,2.413.59,2.21
201,brokenhouse2,201.bmp,2.48,1.264.98,2.283.48,2.04
202,mantis,202.bmp,3.89,2.094.67,1.815.43,2.27
203,collapse,203.bmp,2.78,1.634.24,2.433.39,2.31
204,brokenhouse3,204.bmp,3.41,1.425.17,2.323.43,1.87
205,catchfire,205.bmp,2.11,1.866.48,2.792.74,2.18
206,oldshoes,206.bmp,2.09,1.194.13,2.484.37,2.52
207,boattracker,207.bmp,2.70,1.535.83,2.313.70,2.11
208,oldfurniture1,208.bmp,2.33,1.563.80,2.324.28,2.36
209,oldfurniture2,209.bmp,2.39,1.343.91,2.194.50,2.38
210,oldfurniture3,210.bmp,2.30,1.524.22,2.664.13,2.45
211,wolf,211.bmp,4.93,2.176.07,2.033.89,2.24
212,flood,212.bmp,3.02,1.575.85,2.213.48,2.22
213,bug3,213.bmp,3.39,1.974.63,2.484.48,2.42
214,brokenhouse4,214.bmp,4.02,1.614.00,1.884.85,1.92
215,countrywoman,215.bmp,3.35,1.514.00,1.775.07,2.08
216,rubbish,216.bmp,2.91,1.364.54,2.253.93,1.97
217,rubbish1,217.bmp,2.74,1.964.93,2.473.63,1.97
218,bloodsucker2,218.bmp,2.26,2.156.50,2.872.54,2.15
219,fly1,219.bmp,3.00,1.984.24,2.395.28,2.59
220,boxing,220.bmp,4.59,2.096.91,1.843.89,2.48
221,rubbish2,221.bmp,2.89,1.794.13,1.983.83,1.93
222,brokenhead,222.bmp,1.52,1.626.52,3.222.09,1.94
223,bug4,223.bmp,3.74,2.114.61,2.165.35,2.21
224,bug5,224.bmp,2.96,1.814.67,2.284.41,2.36
225,bug6,225.bmp,2.83,2.046.00,2.373.83,2.44
226,bug7,226.bmp,4.24,2.134.28,2.025.67,2.36
227,cocoon1,227.bmp,3.80,2.304.48,2.235.09,2.39
228,cocoon2,228.bmp,3.87,2.235.35,2.504.85,2.28
229,oppressivewinter,229.bmp,2.30,1.535.83,2.454.70,2.49
230,collectrubbish,230.bmp,2.70,1.503.52,1.833.57,1.93
231,gooseanddog-end,231.bmp,3.17,2.294.48,2.484.78,2.20
232,burnsonbreast,232.bmp,1.72,1.866.72,2.802.24,2.15
233,litter,233.bmp,2.24,1.354.04,2.443.78,2.08
234,bug8,234.bmp,4.93,2.334.41,2.076.20,2.41
235,scalewing,235.bmp,5.61,2.144.35,1.805.67,2.38
236,opencountry,236.bmp,5.80,1.734.13,2.335.89,1.92
237,no,237.bmp,3.96,1.655.07,2.353.96,1.91
238,injection,238.bmp,2.37,1.616.20,2.513.30,2.55
239,dusk,239.bmp,4.02,1.914.11,1.804.87,1.85
240,remains1,240.bmp,1.70,1.596.11,3.022.24,1.89
241,afaceinbeans,241.bmp,3.09,1.855.57,2.633.78,2.19
242,gunnery,242.bmp,3.67,1.835.15,2.463.78,1.96
243,poorboy,243.bmp,2.07,1.366.15,2.593.20,2.32
244,thedead,244.bmp,1.91,1.285.91,2.512.93,2.17
245,bizarreriefish,245.bmp,2.59,1.725.98,2.552.91,1.98
246,burningtrain,246.bmp,1.89,1.466.30,2.782.43,1.81
247,bizarreriedog,247.bmp,3.78,2.315.61,2.344.11,2.36
248,damagedskin,248.bmp,1.80,1.536.57,2.532.83,2.27
249,afaceinhands,249.bmp,3.63,1.895.48,2.424.46,2.53
250,ghosts,250.bmp,2.57,1.826.26,2.513.00,2.22
251,crocodile,251.bmp,2.98,1.936.35,2.463.09,2.45
252,tusk/bucktooth,252.bmp,3.43,2.186.37,2.333.89,2.11
253,fire3,253.bmp,2.39,1.716.26,2.452.13,1.57
254,burningface,254.bmp,1.80,2.056.41,3.182.22,2.22
255,cadaver,255.bmp,1.43,1.286.83,2.902.20,1.83
256,remains2,256.bmp,1.70,1.366.37,2.912.67,2.36
257,roaring,257.bmp,5.48,1.996.61,1.844.57,2.54
258,spider3,258.bmp,4.91,2.275.04,2.065.72,2.63
259,ants1,259.bmp,2.87,1.865.41,2.484.13,2.18
260,spider4,260.bmp,3.46,2.035.13,2.214.59,2.40
261,bug9,261.bmp,4.15,1.955.50,2.414.54,2.51
262,ants2,262.bmp,3.85,2.235.41,2.454.87,2.40
263,worm,263.bmp,3.57,2.065.54,2.544.26,2.38
264,fly2,264.bmp,3.24,2.206.04,2.483.98,2.81
265,bareness1,265.bmp,3.65,2.286.13,2.333.76,2.18
266,bareness2,266.bmp,3.89,2.305.76,2.483.67,1.99
267,strangefrog,267.bmp,3.72,2.446.24,2.504.26,2.37
268,bullfight1,268.bmp,2.50,1.916.67,2.392.52,1.91
269,bullfight2,269.bmp,2.74,2.216.37,2.652.67,1.62
270,rescue1,270.bmp,2.07,1.475.37,2.512.96,1.77
271,rescue2,271.bmp,2.28,1.195.57,2.603.89,2.27
272,protest,272.bmp,4.35,2.496.80,2.235.28,2.58
273,rubbish3,273.bmp,2.17,1.224.57,2.463.11,2.11
274,faceinBeijingopera,274.bmp,3.91,2.014.76,2.354.98,2.12
275,bizarreriefish1,275.bmp,3.89,1.975.59,2.354.13,2.16
276,bizarrerienose,276.bmp,2.26,1.736.22,2.642.78,1.89
277,tearygirl1,277.bmp,5.37,1.774.48,1.636.67,1.85
278,tearygirl2,278.bmp,5.39,1.654.48,1.726.61,1.67
279,tearyboy,279.bmp,4.17,1.764.52,2.086.22,1.88
280,trafficaccident1,280.bmp,1.50,1.676.59,3.032.15,2.13
281,trafficaccident2,281.bmp,1.50,1.627.02,2.902.35,2.37
282,cadaver2,282.bmp,1.52,1.717.00,2.952.07,2.34
283,abandonedhead,283.bmp,1.52,1.446.96,2.922.33,2.31
284,corpse,284.bmp,1.80,1.776.52,3.062.63,2.39
285,insufflation,285.bmp,3.46,1.635.54,2.363.57,2.18
286,seashore,286.bmp,6.65,1.454.98,2.255.83,2.17
287,ship,287.bmp,4.85,1.985.24,2.323.87,2.16
288,giraffe,288.bmp,6.65,1.724.96,1.985.43,2.15
289,colourball,289.bmp,5.67,1.994.52,2.376.20,1.91
290,beautifulcandle,290.bmp,6.39,1.874.43,2.597.28,1.70
291,bigdog,291.bmp,5.67,2.235.13,2.126.20,2.15
292,antique1,292.bmp,4.74,1.693.20,1.545.76,1.60
293,antique2,293.bmp,5.07,1.823.28,1.585.41,1.66
294,plane,294.bmp,5.91,1.956.54,2.044.48,2.50
295,antique3,295.bmp,5.26,1.483.67,1.735.74,1.47
296,antique4,296.bmp,5.37,1.423.65,1.925.63,1.83
297,clamp,297.bmp,5.15,1.903.37,1.956.76,2.32
298,frame,298.bmp,5.11,1.934.11,2.394.89,2.12
299,observe,299.bmp,6.48,1.575.11,2.296.37,1.76
300,race2,300.bmp,6.41,1.635.39,2.125.24,2.35
301,twobirds,301.bmp,5.96,1.904.22,1.836.59,1.94
302,contrast,302.bmp,4.46,1.593.87,1.805.30,2.08
303,bridge1,303.bmp,6.46,1.704.13,2.586.35,1.98
304,hill,304.bmp,5.26,2.253.65,2.165.35,2.00
305,gloaming,305.bmp,4.74,2.224.50,2.375.52,2.38
306,crab,306.bmp,5.15,2.115.78,2.624.83,2.29
307,flowerness,307.bmp,5.26,1.603.39,1.866.89,2.14
308,telescope,308.bmp,6.00,2.155.74,2.444.76,2.35
309,shootabasketball,309.bmp,6.46,1.536.28,1.965.74,2.39
310,locust,310.bmp,4.80,1.954.50,2.066.28,2.23
311,vegetable�Cbasket,311.bmp,4.70,1.742.59,1.617.37,1.87
312,barrel,312.bmp,5.57,1.923.46,2.267.15,1.83
313,basin,313.bmp,5.30,1.722.93,2.027.02,1.97
314,appliance,314.bmp,6.02,1.894.15,2.217.15,1.94
315,rush,315.bmp,5.00,1.804.11,2.457.07,1.88
316,mouse,316.bmp,5.63,1.973.61,2.417.57,2.07
317,watch,317.bmp,6.28,1.814.93,2.286.39,2.12
318,clothesrack1,318.bmp,4.63,1.542.91,1.616.91,2.10
319,clothesrack2,319.bmp,5.24,1.432.85,1.647.09,1.82
320,naze,320.bmp,4.72,2.023.76,1.894.35,1.78
321,necklace,321.bmp,6.96,1.435.43,2.097.15,1.90
322,scoop,322.bmp,5.35,1.983.33,2.136.91,2.20
323,awoman��sback,323.bmp,5.80,2.054.07,1.956.13,1.66
324,promontory,324.bmp,5.41,1.844.20,2.185.57,1.95
325,ahousebysea,325.bmp,6.33,1.994.41,2.255.96,2.02
326,moon,326.bmp,6.02,1.985.80,2.484.48,2.46
327,notitle,327.bmp,4.85,1.834.24,2.305.02,2.23
328,car,328.bmp,7.00,1.655.33,2.407.26,1.92
329,hairdrier,329.bmp,4.87,1.763.04,1.907.13,1.75
330,cave1,330.bmp,5.46,1.954.89,2.225.15,2.06
331,church,331.bmp,6.54,1.564.43,2.305.80,1.97
332,numismatics,332.bmp,5.39,1.683.89,1.816.52,1.68
333,teaset1,333.bmp,6.57,1.783.76,2.247.76,1.48
334,thefourtreasures,334.bmp,6.17,1.543.93,2.086.87,1.88
335,brush,335.bmp,5.85,1.673.48,2.206.93,1.74
336,craftwork1,336.bmp,4.80,1.683.43,1.907.17,1.77
337,abacus,337.bmp,5.65,1.694.13,1.866.41,1.55
338,teaend/teatable,338.bmp,5.85,1.463.74,2.146.54,1.80
339,craftwork2,339.bmp,6.15,2.094.35,1.946.57,1.87
340,teaset2,340.bmp,6.63,1.694.59,2.267.48,1.64
341,I-go,341.bmp,6.22,1.753.72,2.326.91,1.98
342,chinesechess,342.bmp,5.72,1.974.83,1.976.89,1.97
343,craftwork3,343.bmp,5.39,1.843.98,1.816.78,1.89
344,craftwork4,344.bmp,5.83,1.523.50,1.745.98,1.81
345,craftwork5,345.bmp,5.15,1.763.80,1.816.30,1.91
346,3craftwork6,346.bmp,5.13,2.023.89,1.965.59,1.89
347,craftwork7,347.bmp,5.61,1.883.26,1.817.02,1.66
348,craftwork8,348.bmp,4.02,1.903.24,1.725.39,2.12
349,landscape1,349.bmp,5.96,1.673.98,2.305.35,1.63
350,earth,350.bmp,6.09,2.174.85,2.184.39,2.64
351,tree1,351.bmp,5.74,1.684.37,2.325.67,1.92
352,landscape2,352.bmp,4.96,1.483.52,1.656.09,1.63
353,craftwork9,353.bmp,5.98,1.874.04,2.086.85,1.86
354,craftwork10,354.bmp,5.76,1.684.15,2.066.78,1.71
355,craftwork11,355.bmp,4.74,1.683.30,1.645.59,1.84
356,plaitthebasket,356.bmp,5.72,1.784.26,1.756.39,1.95
357,satellite,357.bmp,6.33,1.836.17,2.114.93,2.89
358,table,358.bmp,6.24,1.855.04,2.406.41,1.97
359,craftwork12,359.bmp,5.89,1.724.00,2.026.70,1.92
360,craftwork13,360.bmp,5.26,1.453.39,1.736.04,1.65
361,craftwork14,361.bmp,5.17,1.513.50,1.655.59,2.02
362,craftwork15,362.bmp,5.87,1.653.72,2.096.50,1.77
363,faceinbeijingopera2,363.bmp,3.70,1.765.26,2.424.20,2.25
364,cherryonthebox,364.bmp,6.61,1.824.04,2.357.33,1.69
365,kitchen,365.bmp,6.80,2.014.43,2.257.02,1.61
366,cup,366.bmp,6.15,1.634.54,2.176.98,1.95
367,glass,367.bmp,5.17,1.433.17,1.706.89,1.98
368,leaf,368.bmp,5.89,1.783.67,2.047.07,1.88
369,pumpkin,369.bmp,5.46,1.503.59,2.096.98,1.84
370,living-room,370.bmp,6.72,1.544.11,2.237.07,1.82
371,landscape3,371.bmp,5.78,1.883.93,2.185.85,1.84
372,landscape4,372.bmp,6.43,1.443.89,2.175.89,1.77
373,landscape5,373.bmp,6.04,1.843.91,2.316.15,2.05
374,landscape6,374.bmp,5.89,1.663.87,2.205.63,1.66
375,landscape7,375.bmp,5.93,1.654.17,2.075.09,1.95
376,landscape8,376.bmp,5.43,1.783.63,1.945.85,1.53
377,eagle2,377.bmp,6.28,1.965.85,2.125.54,2.28
378,tree2,378.bmp,5.89,1.773.93,2.125.74,1.86
379,promontory2,379.bmp,6.91,1.594.48,2.186.02,2.04
380,hill1,380.bmp,6.30,1.774.91,2.236.04,2.07
381,minority,381.bmp,4.57,1.823.85,1.815.52,1.92
382,celebration,382.bmp,5.09,1.954.48,1.905.13,2.12
383,thecornerofyard,383.bmp,5.83,1.704.24,2.025.85,1.85
384,car1,384.bmp,6.33,1.834.59,2.257.28,1.50
385,bonsai,385.bmp,6.50,1.774.02,2.257.46,1.35
386,plasticcup,386.bmp,4.72,1.763.09,1.697.35,1.59
387,ShangHai2,387.bmp,4.83,1.834.26,2.095.24,1.63
388,crane,388.bmp,4.30,1.946.09,2.463.89,2.12
389,fresco,389.bmp,5.54,1.753.76,2.135.59,2.09
390,appliance,390.bmp,4.59,1.813.87,1.855.63,2.15
391,bridge,391.bmp,6.54,1.624.11,2.245.65,1.81
392,hall,392.bmp,6.24,1.454.57,2.065.61,1.91
393,temple1,393.bmp,5.89,1.853.87,1.875.76,1.80
394,living-room1,394.bmp,6.70,1.943.96,2.256.87,1.68
395,temple2,395.bmp,6.59,1.724.41,2.126.07,1.75
396,street,396.bmp,4.93,1.773.63,1.995.39,1.79
397,tree3,397.bmp,6.76,1.754.09,2.236.35,1.81
398,hall1,398.bmp,5.85,1.863.80,1.955.89,2.26
399,building3,399.bmp,5.96,1.563.83,2.115.91,2.04
400,building4,400.bmp,6.24,1.864.22,2.355.72,1.70
401,river,401.bmp,5.28,1.934.39,2.324.83,1.96
402,fox,402.bmp,5.91,1.986.09,2.033.70,2.24
403,countryside,403.bmp,5.07,1.693.39,2.055.48,2.00
404,mountainforest1,404.bmp,6.15,1.834.24,2.125.70,1.98
405,parterre,405.bmp,6.74,1.724.24,2.065.52,1.85
406,ironbridge,406.bmp,4.78,1.783.91,1.795.35,1.88
407,josshouse,407.bmp,5.50,1.443.37,1.945.11,1.98
408,opencountry1,408.bmp,6.35,2.154.48,2.246.26,1.99
409,mountainforest2,409.bmp,7.02,1.614.15,2.376.02,2.10
410,cave2,410.bmp,5.26,1.914.00,2.005.43,2.08
411,house,411.bmp,5.80,1.833.67,1.925.76,1.66
412,monument,412.bmp,6.15,1.954.59,2.185.20,2.46
413,opencountry2,413.bmp,6.07,2.074.28,2.536.07,2.16
414,opencoutry3,414.bmp,5.80,2.103.85,1.936.26,2.06
415,pianoroom,415.bmp,5.78,2.053.80,2.036.89,1.62
416,spring,416.bmp,5.46,2.034.57,1.995.20,2.21
417,cemetery1,417.bmp,5.65,1.694.39,1.875.28,2.38
418,cemetery2,418.bmp,5.98,1.884.39,2.155.39,2.02
419,road8,419.bmp,5.39,1.983.37,1.706.11,1.88
420,ShangHai3,420.bmp,6.30,1.704.91,2.405.74,2.24
421,snow2,421.bmp,3.91,1.824.15,2.014.65,2.07
422,cemetery3,422.bmp,5.50,2.153.48,1.955.85,1.97
423,site,423.bmp,4.78,1.874.48,2.104.91,1.92
424,dock,424.bmp,4.61,1.673.83,1.634.83,1.67
425,building5,425.bmp,5.70,1.413.80,2.165.43,1.86
426,city,426.bmp,5.61,1.973.87,2.095.46,1.78
427,fear,427.bmp,2.63,1.445.17,2.233.93,2.25
428,garbage,428.bmp,2.59,1.563.93,2.122.98,1.96
429,tiger,429.bmp,3.41,2.107.24,1.792.50,1.70
430,mountainandriver,430.bmp,7.24,1.795.63,2.456.02,2.29
431,ponder,431.bmp,3.39,1.914.52,1.883.26,1.50
432,apple1,432.bmp,7.33,1.375.61,2.637.85,1.71
433,eagle3,433.bmp,6.28,1.936.04,2.045.15,2.29
434,pencilvase,434.bmp,5.70,1.793.67,2.037.02,1.77
435,snake9,435.bmp,2.80,1.965.54,2.492.85,1.81
436,twomen,436.bmp,5.50,1.823.59,1.655.65,2.01
437,hug,437.bmp,7.50,1.356.98,1.576.30,2.04
438,eagle4,438.bmp,6.50,1.646.00,2.234.93,2.05
439,monk,439.bmp,4.70,1.985.30,2.144.52,1.97
440,dance,440.bmp,6.61,1.876.33,2.016.09,1.95
441,panda3,441.bmp,6.48,1.915.24,2.185.80,1.97
442,ball,442.bmp,6.20,1.675.13,2.405.93,2.36
443,corpse1,443.bmp,1.37,1.297.24,2.761.98,2.11
444,birthday1,444.bmp,7.00,1.736.13,1.945.96,2.11
445,fear1,445.bmp,2.39,1.244.85,2.583.89,2.54
446,eagle5,446.bmp,6.37,1.996.07,1.905.09,2.39
447,swim,447.bmp,4.35,2.215.87,1.985.43,2.20
448,food,448.bmp,7.39,1.246.13,2.288.02,1.13
449,field2,449.bmp,6.61,1.895.13,2.476.37,1.99
450,flower9,450.bmp,6.80,1.534.93,2.396.76,2.09
451,butterfly1,451.bmp,5.11,2.054.37,2.116.15,2.35
452,city1,452.bmp,6.33,1.804.50,2.355.54,1.36
453,mountain3,453.bmp,7.11,1.526.52,2.325.00,2.38
454,elephant,454.bmp,5.59,2.395.67,2.084.43,2.32
455,computer,455.bmp,5.76,1.773.83,2.267.52,1.94
456,bees,456.bmp,3.39,1.984.76,2.634.24,2.62
457,newly-married2,457.bmp,7.11,1.855.80,2.326.13,1.75
458,snake10,458.bmp,2.76,1.805.63,2.433.07,1.93
459,graph,459.bmp,4.35,1.774.09,2.124.89,1.85
460,celebration1,460.bmp,6.59,1.875.70,2.005.74,2.16
461,river1,461.bmp,7.24,1.586.52,2.595.96,1.87
462,aviation2,462.bmp,3.67,2.225.54,2.283.37,2.23
463,endpoint1,463.bmp,6.93,1.646.46,1.875.37,2.35
464,Chineseculturalrelic,464.bmp,4.61,1.673.39,1.985.63,2.09
465,Chineseculturalrelic1,465.bmp,5.00,1.553.48,1.916.46,1.92
466,mice,466.bmp,2.98,1.795.52,2.074.24,2.56
467,fieldandriver,467.bmp,7.04,1.505.48,2.736.46,1.92
468,flower10,468.bmp,6.65,1.894.76,2.507.09,1.44
469,littleboy,469.bmp,5.22,1.663.78,1.526.63,1.78
470,shakehands,470.bmp,6.54,1.464.98,2.065.78,2.19
471,corpse2,471.bmp,1.28,0.786.61,2.862.02,1.89
472,beautifulwoman,472.bmp,7.02,1.477.00,2.086.48,1.95
473,twochildren,473.bmp,6.91,1.586.67,1.846.74,1.73
474,flower11,474.bmp,6.28,1.614.46,2.186.85,1.63
475,mountain4,475.bmp,6.35,1.744.98,2.315.39,2.22
476,fish,476.bmp,5.67,1.834.26,2.125.96,2.04
477,Chineseculturalrelic2,477.bmp,5.37,1.703.83,2.186.59,1.77
478,twocats,478.bmp,7.65,1.545.70,2.747.80,1.47
479,Chineseculturalrelic3,479.bmp,5.15,1.483.46,1.736.20,1.83
480,confusion,480.bmp,2.98,1.455.43,2.433.00,1.86
481,work,481.bmp,5.61,1.643.98,1.866.22,1.78
482,hippo,482.bmp,5.11,2.175.72,2.153.89,2.43
483,keyrings,483.bmp,6.17,2.114.28,2.447.07,1.96
484,corpse3,484.bmp,1.87,1.387.02,2.372.37,1.89
485,spider5,485.bmp,3.76,1.854.28,2.074.54,2.72
486,woman,486.bmp,7.26,1.606.07,2.426.91,1.55
487,race3,487.bmp,7.15,1.496.57,1.886.00,2.42
488,cat6,488.bmp,7.85,0.996.37,2.128.13,1.11
489,dance1,489.bmp,6.96,1.755.09,2.466.61,1.82
490,plant,490.bmp,5.57,1.563.50,1.885.91,1.95
491,feelclose,491.bmp,7.07,1.486.07,1.735.93,2.18
492,fire4,492.bmp,2.28,1.284.93,2.403.15,2.23
493,farmer2,493.bmp,2.65,1.344.43,2.174.02,2.26
494,happychildren,494.bmp,6.02,2.065.65,1.845.72,1.86
495,warship,495.bmp,5.13,2.035.22,2.654.17,2.09
496,squirrel,496.bmp,5.96,1.894.48,2.296.41,1.78
497,desert,497.bmp,6.20,1.875.33,2.455.33,2.47
498,insect,498.bmp,4.39,2.014.87,2.434.87,2.72
499,garbage1,499.bmp,2.35,1.234.78,2.533.07,1.69
500,girl16,500.bmp,6.67,1.675.11,2.076.70,1.66
501,greatwall1,501.bmp,6.33,1.735.67,2.185.41,2.17
502,rescue3,502.bmp,2.24,1.306.22,2.513.09,2.14
503,butterfly2,503.bmp,5.33,2.095.04,2.326.22,2.15
504,babycry,504.bmp,4.91,1.724.22,1.976.13,2.20
505,traffic,505.bmp,4.09,1.944.04,2.214.17,2.11
506,woman1,506.bmp,6.41,1.654.83,1.976.30,1.92
507,insect1,507.bmp,3.52,2.025.50,2.154.87,2.48
508,insect2,508.bmp,4.28,1.864.35,2.275.33,2.37
509,woman2,509.bmp,3.83,1.614.00,1.835.43,2.02
510,babycry1,510.bmp,4.00,2.104.50,2.036.63,1.66
511,snake11,511.bmp,2.74,1.906.39,2.362.72,2.04
512,look,512.bmp,3.48,2.195.15,2.393.72,2.07
513,accident,513.bmp,2.85,1.615.28,2.303.24,2.06
514,insect3,514.bmp,4.85,1.894.26,2.025.85,2.23
515,nisdounbt,515.bmp,2.98,1.344.30,2.333.65,1.96
516,insect4,516.bmp,4.33,1.934.15,2.025.63,2.35
517,insect5,517.bmp,4.48,1.774.50,2.036.00,2.25
518,woman3,518.bmp,3.78,1.904.39,2.044.33,2.01
519,wind,519.bmp,4.17,2.055.24,2.533.30,1.99
520,soldier,520.bmp,2.65,1.165.07,2.262.76,1.51
521,wave,521.bmp,5.15,2.136.02,2.283.85,2.12
522,ravin,522.bmp,2.11,1.647.00,2.212.28,2.09
523,dog3,523.bmp,4.22,2.105.46,2.184.39,2.27
524,snow3,524.bmp,3.02,1.695.04,2.384.04,2.39
525,volcano,525.bmp,2.80,2.257.22,1.992.22,1.66
526,insect6,526.bmp,2.48,1.525.15,2.414.28,2.76
527,insect7,527.bmp,3.54,2.216.00,1.933.72,2.50
528,accident1,528.bmp,1.89,1.227.30,1.762.02,1.26
529,tank1,529.bmp,2.50,1.265.70,2.672.80,1.75
530,snow4,530.bmp,3.46,1.814.57,2.083.93,1.94
531,garbagebin,531.bmp,3.30,1.855.02,2.604.52,2.29
532,snake12,532.bmp,2.24,1.456.52,2.432.30,1.53
533,corpse4,533.bmp,1.26,0.536.89,2.692.02,2.04
534,tree4,534.bmp,5.02,1.713.93,2.125.41,1.94
535,ants,535.bmp,4.15,2.144.22,2.235.83,2.35
536,rescue4,536.bmp,2.22,1.215.96,2.232.74,1.60
537,weapon,537.bmp,2.80,1.966.22,2.152.48,1.71
538,race4,538.bmp,4.98,2.205.41,2.194.28,2.01
539,destroy,539.bmp,2.28,1.346.67,2.152.07,1.16
540,snake13,540.bmp,2.52,1.866.78,2.562.39,1.83
541,accident2,541.bmp,2.20,1.225.78,2.622.93,2.08
542,accident3,542.bmp,2.37,1.686.93,2.132.37,1.51
543,lions,543.bmp,4.37,2.527.48,1.382.78,2.18
544,accident4,544.bmp,2.59,1.395.96,2.353.26,1.81
545,soldier1,545.bmp,2.72,1.825.96,2.182.76,1.66
546,lizard,546.bmp,3.78,2.065.00,2.364.52,2.47
547,wolf1,547.bmp,4.37,2.136.15,1.793.35,1.89
548,room1,548.bmp,2.26,1.244.35,2.363.39,2.20
549,weapon1,549.bmp,2.63,1.475.54,2.092.24,1.35
550,jail3,550.bmp,2.59,1.414.93,2.362.52,1.50
551,destroy1,551.bmp,3.41,1.644.22,1.913.87,2.06
552,tank2,552.bmp,2.67,1.405.70,2.332.80,1.76
553,accident5,553.bmp,3.91,2.475.93,2.293.89,2.20
554,twofarmers,554.bmp,2.11,1.105.17,2.573.57,2.19
555,fire5,555.bmp,2.09,1.095.91,2.212.83,1.89
556,beggar,556.bmp,2.70,1.404.72,2.354.74,2.27
557,fight,557.bmp,3.54,1.946.85,1.953.59,2.04
558,damage,558.bmp,2.39,1.425.57,2.313.30,2.37
559,accident6,559.bmp,2.17,1.626.74,2.422.28,1.64
560,destroy2,560.bmp,3.26,1.654.74,2.553.72,2.02
561,soldier2,561.bmp,2.28,1.285.89,2.222.91,1.94
562,wolf2,562.bmp,3.20,2.157.02,1.692.89,1.74
563,parade,563.bmp,3.63,1.955.59,2.203.93,1.94
564,beach,564.bmp,5.80,2.145.28,2.425.70,2.25
565,twofaces,565.bmp,3.52,2.326.35,2.093.54,2.01
566,demonstrate,566.bmp,4.07,1.734.17,2.073.83,1.79
567,soldier3,567.bmp,3.09,1.595.52,2.072.98,1.65
568,beach1,568.bmp,2.89,1.424.15,1.803.83,2.09
569,soldier4,569.bmp,1.98,1.316.17,2.362.50,1.89
570,insect8,570.bmp,3.28,1.874.57,2.485.04,2.77
571,snake14,571.bmp,2.57,1.705.78,2.542.76,2.17
572,accident7,572.bmp,2.26,1.296.35,2.172.37,1.40
573,soldier5,573.bmp,2.00,1.155.83,2.462.30,1.82
574,accident8,574.bmp,2.28,1.114.54,2.043.41,2.25
575,insects,575.bmp,2.78,1.434.96,2.943.59,2.31
576,work1,576.bmp,4.50,2.374.74,2.435.52,2.04
577,blood,577.bmp,1.78,0.946.74,2.122.09,1.50
578,garbage2,578.bmp,2.80,1.544.74,2.492.50,1.57
579,injured,579.bmp,2.65,1.645.30,2.482.98,1.74
580,poor,580.bmp,1.85,1.035.39,2.653.33,2.22
581,insects1,581.bmp,3.07,1.885.28,2.404.13,2.51
582,fight1,582.bmp,3.52,2.237.02,2.053.11,1.91
583,corpse5,583.bmp,1.50,0.846.72,2.742.80,2.53
584,accident9,584.bmp,1.98,1.006.07,2.542.46,1.56
585,twohands,585.bmp,3.20,2.006.28,2.324.17,2.31
586,destroy3,586.bmp,2.72,1.594.83,2.402.65,1.59
587,fire6,587.bmp,2.33,1.456.61,2.243.02,1.95
588,spider6,588.bmp,3.13,1.785.39,2.303.33,2.31
589,accident10,589.bmp,3.22,1.324.07,2.374.00,1.76
590,corpse6,590.bmp,1.35,1.257.46,2.601.63,1.87
591,dryup,591.bmp,3.37,1.834.80,2.573.80,2.34
592,spider7,592.bmp,3.07,1.775.43,2.323.89,2.38
593,garbage3,593.bmp,2.89,1.594.50,2.433.26,2.05
594,insects2,594.bmp,3.48,1.874.43,2.145.07,2.41
595,spider8,595.bmp,3.22,1.795.26,2.524.02,2.35
596,destroy4,596.bmp,2.26,1.164.87,2.302.83,1.65
597,snake15,597.bmp,2.41,1.505.61,2.692.89,2.24
598,celebration2,598.bmp,6.91,1.535.20,2.155.96,1.70
599,butterfly3,599.bmp,4.02,2.174.70,2.304.70,2.27
600,boy6,600.bmp,5.00,1.434.13,1.576.22,1.62
601,tortoise,601.bmp,5.39,1.724.13,2.226.50,2.24
602,insect9,602.bmp,3.85,2.223.87,2.174.91,2.48
603,insect10,603.bmp,5.00,2.114.54,1.926.17,2.40
604,man,604.bmp,3.91,1.415.04,2.224.33,1.94
605,face,605.bmp,1.17,0.687.59,2.661.80,2.00
606,insect11,606.bmp,3.59,1.924.74,2.514.57,2.54
607,insect12,607.bmp,3.61,1.845.37,2.265.39,2.47
608,man1,608.bmp,2.80,1.835.91,2.273.46,1.89
609,injured1,609.bmp,2.65,1.494.70,2.184.04,2.42
610,fire7,610.bmp,2.26,1.246.85,2.382.24,1.48
611,fire8,611.bmp,2.22,1.287.30,2.132.54,1.88
612,cry,612.bmp,2.96,1.504.46,2.064.83,2.36
613,cry1,613.bmp,2.96,1.195.00,2.104.39,1.94
614,insect13,614.bmp,4.35,2.145.46,2.135.61,2.49
615,surgery,615.bmp,2.37,1.145.80,2.443.33,1.93
616,farmer3,616.bmp,2.22,1.134.91,2.534.35,2.31
617,surgery1,617.bmp,4.07,2.036.26,2.203.24,1.96
618,angry,618.bmp,3.22,1.625.93,2.313.28,1.76
619,race5,619.bmp,5.04,2.386.43,1.954.65,2.12
620,rain,620.bmp,2.63,1.576.22,2.303.85,2.34
621,angry1,621.bmp,3.07,1.765.46,2.303.22,1.70
622,destroy5,622.bmp,2.70,1.665.24,2.782.98,2.12
623,angry2,623.bmp,2.80,1.495.89,2.153.04,1.60
624,accident11,624.bmp,1.85,1.037.07,2.102.20,1.42
625,boyandoldman,625.bmp,2.98,1.874.80,2.393.96,2.60
626,accident12,626.bmp,2.78,1.807.54,1.862.22,1.58
627,fire9,627.bmp,2.17,1.626.76,2.362.43,1.77
628,dryup,628.bmp,2.96,1.704.43,2.553.46,2.07
629,corpse7,629.bmp,1.35,0.826.48,3.181.76,1.95
630,thegameofgo,630.bmp,5.93,2.054.09,2.206.78,1.79
631,graph1,631.bmp,5.07,1.915.00,2.525.59,2.10
632,flower12,632.bmp,6.91,1.414.89,2.277.07,1.87
633,panda4,633.bmp,6.87,1.815.02,2.496.76,1.77
634,woman4,634.bmp,6.02,2.065.83,2.136.35,1.84
635,man2,635.bmp,5.52,1.674.83,2.065.11,1.77
636,Chineseculturalrelic4,636.bmp,6.00,1.703.33,1.795.98,2.13
637,room2,637.bmp,6.59,1.844.57,2.467.11,1.82
638,fish1,638.bmp,5.85,1.834.50,2.216.24,2.04
639,swans,639.bmp,6.63,1.654.26,2.476.41,1.95
640,win,640.bmp,7.43,1.386.93,1.886.09,2.36
641,woman5,641.bmp,6.91,1.386.02,2.326.74,1.47
642,feelclose1,642.bmp,6.70,1.846.30,1.865.52,2.09
643,race6,643.bmp,6.09,1.765.24,2.085.30,1.96
644,farmer4,644.bmp,3.22,1.473.59,1.824.59,2.09
645,car2,645.bmp,6.78,1.785.63,2.637.09,1.96
646,field3,646.bmp,4.30,1.753.24,1.744.52,2.01
647,road,647.bmp,5.85,1.693.93,2.215.89,1.93
648,road1,648.bmp,5.80,1.563.65,1.935.87,1.80
649,tree5,649.bmp,5.48,1.683.30,1.466.02,1.88
650,twogirls4,650.bmp,7.09,1.565.59,2.177.07,1.53
651,baby,651.bmp,6.50,1.564.37,1.946.85,1.98
652,fruit,652.bmp,7.15,1.255.85,2.298.09,1.07
653,wine,653.bmp,6.67,1.864.43,2.547.24,1.74
654,baby1,654.bmp,6.65,1.794.54,1.947.30,1.76
655,baby2,655.bmp,6.41,1.454.78,1.766.61,1.74
656,baby3,656.bmp,7.09,1.114.78,2.137.02,1.56
657,baby4,657.bmp,6.91,1.564.83,2.047.35,1.32
658,city2,658.bmp,5.59,1.893.89,2.234.80,2.02
659,cups,659.bmp,6.17,1.704.41,2.447.37,1.68
660,baby5,660.bmp,7.04,1.385.46,2.027.00,1.53
661,twoboys,661.bmp,6.67,1.704.46,1.876.78,1.43
662,baby6,662.bmp,6.78,1.415.07,2.097.22,1.47
663,dogs,663.bmp,7.37,2.025.26,2.747.78,1.26
664,city3,664.bmp,6.17,1.663.72,2.195.41,1.77
665,city4,665.bmp,5.13,1.783.89,1.734.52,2.11
666,lake,666.bmp,6.54,1.795.28,2.255.43,2.03
667,sculpture,667.bmp,5.98,1.773.59,1.895.59,1.87
668,beach2,668.bmp,6.91,1.625.30,2.306.57,1.64
669,sky,669.bmp,6.43,2.155.80,2.834.78,2.47
670,cup1,670.bmp,6.24,1.774.30,2.647.54,1.46
671,bird2,671.bmp,6.76,1.864.74,2.216.93,1.55
672,city5,672.bmp,5.46,1.624.17,1.895.28,1.83
673,bauble,673.bmp,5.98,1.683.83,2.427.09,2.09
674,city6,674.bmp,5.67,1.523.72,1.975.39,1.72
675,cake1,675.bmp,7.20,1.695.96,2.557.89,1.22
676,city7,676.bmp,6.13,1.954.89,2.336.04,1.99
677,beach3,677.bmp,5.48,2.044.48,2.375.30,1.90
678,city8,678.bmp,6.26,1.895.54,2.425.41,2.10
679,food1,679.bmp,7.28,1.415.85,2.497.59,1.41
680,city9,680.bmp,6.76,1.495.43,1.965.85,1.93
681,city10,681.bmp,5.87,1.854.67,2.215.80,2.03
682,road2,682.bmp,5.26,1.823.78,1.865.59,1.84
683,lake1,683.bmp,6.39,1.713.83,2.306.07,1.93
684,food2,684.bmp,7.07,1.586.37,2.337.85,1.37
685,food3,685.bmp,7.11,1.465.50,2.607.80,1.63
686,playingfield,686.bmp,6.17,1.833.78,2.125.91,1.87
687,city11,687.bmp,6.48,1.674.70,2.095.72,1.76
688,mountain5,688.bmp,6.04,2.055.22,2.265.43,2.12
689,food4,689.bmp,7.00,1.705.63,2.277.41,1.67
690,city12,690.bmp,4.93,1.703.83,1.885.22,1.86
691,dolphin,691.bmp,6.87,2.006.04,2.256.02,2.12
692,hotel,692.bmp,5.33,1.513.72,2.326.28,1.75
693,computer1,693.bmp,6.57,1.784.87,2.427.50,1.53
694,beach4,694.bmp,6.54,1.834.89,2.475.33,2.20
695,city13,695.bmp,5.91,1.763.76,1.935.54,1.99
696,sky1,696.bmp,5.61,2.116.89,1.893.13,2.25
697,room3,697.bmp,6.35,1.833.80,2.107.28,1.85
698,road3,698.bmp,5.20,1.293.76,1.965.20,1.59
699,flower13,699.bmp,6.65,1.794.80,2.497.11,1.74
700,tree6,700.bmp,5.39,1.833.57,2.055.72,1.96
701,cat7,701.bmp,7.72,1.135.70,2.617.74,1.67
702,city14,702.bmp,5.37,1.483.83,2.115.41,1.89
703,beautifulwoman1,703.bmp,6.93,1.676.24,2.356.20,2.16
704,construction,704.bmp,6.65,1.324.85,2.135.37,2.21
705,hat,705.bmp,5.37,1.733.76,2.177.11,1.65
706,sculpture1,706.bmp,5.65,1.523.50,1.865.87,2.05
707,flower14,707.bmp,6.57,1.724.35,2.257.43,1.80
708,building6,708.bmp,6.17,1.704.26,2.296.20,1.89
709,playingfield2,709.bmp,5.46,1.594.13,2.045.78,1.88
710,plane1,710.bmp,6.13,1.924.65,2.685.13,2.76
711,city15,711.bmp,5.48,1.914.09,1.845.13,1.81
712,building7,712.bmp,5.93,1.624.28,2.265.67,1.80
713,fruit1,713.bmp,5.54,1.764.20,2.356.91,1.88
714,telegraph,714.bmp,3.83,1.513.41,2.575.13,2.35
715,lake2,715.bmp,5.54,2.003.70,2.075.72,2.12
716,wolf3,716.bmp,4.22,1.956.20,1.983.13,1.83
717,balls,717.bmp,6.13,2.164.74,2.566.74,1.98
718,cats,718.bmp,7.35,1.665.59,2.457.41,1.95
719,computer2,719.bmp,4.37,2.166.54,1.915.39,2.70
720,city16,720.bmp,6.17,1.574.33,2.115.37,2.04
721,road4,721.bmp,6.24,1.793.65,2.136.41,1.60
722,theearth,722.bmp,4.48,2.525.52,2.563.93,2.50
723,beach5,723.bmp,5.57,2.023.63,2.005.39,2.15
724,graph2,724.bmp,4.59,1.884.80,2.505.04,2.09
725,building8,725.bmp,5.17,1.683.20,1.815.85,1.94
726,mountain6,726.bmp,5.33,1.833.70,1.815.35,1.96
727,road5,727.bmp,5.57,1.563.30,1.945.72,1.72
728,lake3,728.bmp,6.26,1.674.24,2.045.57,1.77
729,car3,729.bmp,6.52,1.864.89,2.456.91,1.85
730,building9,730.bmp,6.09,1.704.26,2.435.63,1.88
731,beach6,731.bmp,3.17,1.454.04,1.934.07,2.23
732,mountain7,732.bmp,5.17,2.104.17,2.134.67,2.00
733,field4,733.bmp,5.33,1.703.37,1.835.22,1.86
734,field5,734.bmp,5.76,1.823.85,2.015.52,1.94
735,road6,735.bmp,5.15,1.523.39,1.945.78,1.95
736,city17,736.bmp,6.11,1.523.70,2.295.35,2.01
737,mountain8,737.bmp,5.83,1.664.89,1.844.96,1.94
738,mountain9,738.bmp,6.15,1.754.09,2.125.67,1.93
739,Chineseculturalrelic5,739.bmp,4.91,1.263.63,1.965.17,2.05
740,room4,740.bmp,6.35,2.064.28,2.637.24,1.61
741,road7,741.bmp,5.24,1.853.41,1.735.50,2.11
742,field6,742.bmp,5.43,1.633.33,1.835.22,2.08
743,field7,743.bmp,5.72,1.643.22,1.855.61,2.04
744,street1,744.bmp,5.41,1.613.87,2.175.30,2.01
745,building10,745.bmp,5.76,1.743.91,1.945.52,1.81
746,mountain10,746.bmp,5.37,2.164.33,2.304.78,1.99
747,park,747.bmp,5.07,1.814.13,2.045.39,1.94
748,baby7,748.bmp,6.85,1.564.93,2.007.28,1.50
749,baby8,749.bmp,7.02,1.515.30,2.027.37,1.29
750,baby9,750.bmp,7.00,1.625.33,2.047.46,1.56
751,baby10,751.bmp,6.30,1.314.50,1.796.30,1.86
752,baby11,752.bmp,7.17,1.475.54,2.117.28,1.20
753,baby12,753.bmp,6.74,1.444.98,1.967.28,1.28
754,girl17,754.bmp,6.54,1.445.33,1.526.26,1.88
755,girl18,755.bmp,6.96,1.264.65,1.927.02,1.53
756,momandbaby,756.bmp,7.46,1.225.54,2.227.13,1.54
757,girl19,757.bmp,6.20,1.654.91,1.906.87,1.56
758,baby13,758.bmp,7.28,1.335.26,2.007.61,1.02
759,boy7,759.bmp,6.52,1.504.89,1.936.89,1.42
760,girl20,760.bmp,6.52,1.464.15,1.466.33,1.90
761,baby14,761.bmp,7.28,1.735.04,2.077.39,1.50
762,girl21,762.bmp,7.30,1.235.63,2.267.30,1.24
763,greatwall2,763.bmp,5.15,2.084.70,2.205.11,2.12
764,boy8,764.bmp,6.52,1.554.52,1.866.89,1.73
765,boy9,765.bmp,6.35,1.724.35,1.906.72,1.64
766,boy10,766.bmp,6.09,2.064.78,2.216.59,1.72
767,Chineseculturalrelic6,767.bmp,4.80,1.783.91,1.824.54,2.07
768,Chineseculturalrelic7,768.bmp,4.83,1.343.52,2.115.24,1.48
769,building11,769.bmp,5.67,1.633.78,2.105.48,1.95
770,mountain11,770.bmp,6.24,2.154.63,2.115.57,2.05
771,tree7,771.bmp,6.87,1.645.00,2.585.89,2.05
772,tree8,772.bmp,5.15,1.853.83,2.075.57,1.80
773,food5,773.bmp,5.67,1.984.63,2.497.04,2.01
774,food6,774.bmp,7.02,1.975.46,2.417.11,1.86
775,kiss3,775.bmp,6.93,1.686.98,1.585.70,2.33
776,panda5,776.bmp,7.02,1.575.30,2.236.33,2.02
777,Chineseculturalrelic8,777.bmp,5.28,1.594.15,1.896.33,1.86
778,Chineseculturalrelic9,778.bmp,4.65,1.433.85,1.865.65,2.21
779,kitchen1,779.bmp,6.09,1.854.24,2.186.85,1.65
780,cats2,780.bmp,7.78,1.386.02,2.727.74,1.37
781,cat8,781.bmp,7.76,1.296.07,2.477.87,1.20
782,man3,782.bmp,6.11,1.594.85,2.055.65,1.74
783,building12,783.bmp,5.43,1.923.70,2.285.87,2.11
784,building13,784.bmp,5.91,1.604.63,2.025.43,1.94
785,tool,785.bmp,4.48,1.443.50,2.316.80,2.05
786,laughing1,786.bmp,6.13,1.654.91,2.045.78,1.98
787,show,787.bmp,6.39,1.605.91,2.165.63,1.97
788,Chinesegift,788.bmp,6.04,1.554.50,2.206.52,2.01
789,girl22,789.bmp,6.35,1.585.04,1.996.13,1.61
790,river2,790.bmp,6.87,1.724.83,2.576.35,1.80
791,island3,791.bmp,6.91,1.556.15,2.385.50,2.43
792,flower15,792.bmp,6.28,1.663.96,2.106.74,1.91
793,globe,793.bmp,5.65,1.463.85,2.187.30,1.79
794,Chinesegift1,794.bmp,6.13,1.574.43,2.346.61,1.91
795,Chinesegift2,795.bmp,6.24,1.694.67,2.186.46,2.14
796,chopsticks,796.bmp,6.26,1.614.30,2.257.02,1.88
797,fan,797.bmp,6.07,1.813.50,2.187.43,1.38
798,Chineseculturalrelic10,798.bmp,5.85,1.714.67,2.276.46,1.96
799,Chineseculturalrelic11,799.bmp,5.80,1.613.93,2.076.63,1.78
800,beautifulwoman2,800.bmp,7.02,1.537.20,2.016.93,1.84
801,chineseriband3,801.bmp,6.39,1.654.72,2.547.09,1.74
802,chinesegift3,802.bmp,6.48,1.824.57,2.246.96,1.63
803,computer3,803.bmp,5.20,1.723.67,2.266.43,2.17
804,brushpen,804.bmp,5.83,1.914.63,2.327.02,1.82
805,chineseriband4,805.bmp,6.33,1.544.26,2.447.35,1.69
806,plant1,806.bmp,6.28,1.724.41,2.606.72,2.10
807,tiananmen,807.bmp,6.09,1.944.98,2.135.22,2.18
808,ruler,808.bmp,5.07,1.602.93,1.887.37,1.45
809,flower16,809.bmp,6.72,1.714.83,2.577.52,1.56
810,space,810.bmp,5.98,2.025.52,2.544.00,2.43
811,flower17,811.bmp,6.59,1.683.91,2.116.72,1.93
812,chineseriband5,812.bmp,6.41,1.754.11,2.347.41,1.47
813,momandbaby,813.bmp,7.11,1.966.54,1.897.02,1.44
814,cook,814.bmp,7.11,1.655.78,2.577.35,1.91
815,women,815.bmp,6.54,1.595.70,2.106.33,1.73
816,Chineseculturalrelic12,816.bmp,5.67,1.193.96,1.936.11,2.10
817,watch,817.bmp,6.33,1.854.80,2.766.85,1.90
818,boxandneedle,818.bmp,5.74,1.604.43,2.166.85,1.75
819,food7,819.bmp,7.17,1.545.11,2.647.70,1.53
820,newly-married3,820.bmp,6.67,1.735.22,2.356.13,1.83
821,Chinesegift4,821.bmp,5.87,1.764.26,1.866.46,1.95
822,babys,822.bmp,7.15,1.666.35,1.957.54,1.31
823,flower18,823.bmp,6.22,1.824.61,2.056.76,1.80
824,food8,824.bmp,6.30,1.754.48,2.197.20,1.64
825,pot,825.bmp,5.72,1.593.61,2.347.33,1.59
826,mirror,826.bmp,5.89,1.553.89,2.567.22,2.09
827,kiss4,827.bmp,6.70,1.745.00,2.026.74,1.69
828,plasticsubject,828.bmp,4.98,1.652.63,1.857.30,1.62
829,plasticsubject1,829.bmp,4.85,1.353.33,2.046.87,2.02
830,plasticsubject2,830.bmp,4.98,1.642.91,1.747.30,1.94
831,plasticsubject3,831.bmp,5.07,1.933.54,2.377.39,1.65
832,plasticsubject4,832.bmp,5.72,1.493.67,2.047.46,1.75
833,plasticsubject5,833.bmp,4.67,1.512.70,1.606.87,2.04
834,plasticsubject6,834.bmp,5.07,1.683.04,1.816.85,2.11
835,farmer5,835.bmp,4.09,1.794.11,1.975.98,1.83
836,object,836.bmp,5.61,1.603.63,2.066.48,2.26
837,Chineseculturalrelic13,837.bmp,5.50,1.313.65,1.905.83,2.22
838,faceinBeijingopera3,838.bmp,3.78,1.874.80,2.364.83,2.43
839,Chineseculturalrelic14,839.bmp,4.93,2.094.87,2.054.80,1.97
840,faceinBeijingopera4,840.bmp,4.07,2.115.33,2.104.50,2.21
841,Chineseculturalrelic15,841.bmp,6.04,1.404.17,2.087.33,1.70
842,plant2,842.bmp,5.00,2.235.15,2.336.11,2.70
843,Chineseculturalrelic16,843.bmp,4.80,1.543.78,1.765.78,2.04
844,plasticsubject7,844.bmp,6.20,1.714.22,2.347.37,1.97
845,potandcup,845.bmp,6.24,1.733.98,2.366.78,1.91
846,woman6,846.bmp,5.41,1.964.43,2.035.83,1.89
847,flower19,847.bmp,6.72,1.394.72,2.266.80,2.03
848,laughing2,848.bmp,5.91,2.255.98,1.945.37,2.15
849,plasticsubject8,849.bmp,5.07,1.582.63,1.557.33,1.65
850,race7,850.bmp,6.46,1.706.48,1.975.11,2.22
851,plasticsubject9,851.bmp,5.37,1.603.33,1.947.30,1.66
852,feelclose2,852.bmp,6.85,1.375.15,2.276.09,1.76








































































































































































































































































































































































































































































































































































































































































































































































































































































































































































































































































































































































































































































































































































































































































































































































































































































































































































































































































































































































































































































































































































































































































































































































































































































































































































































































































































































































































































































































































































































































































































































































































